query,frequency,frequency_source,intent,primary_cluster,secondary_cluster,axis,page_role,cluster_status,parent_cluster,serp_similarity_group,commercial_priority,business_relevance,target_product,recommended_url,notes
быстроразъемные трубопроводы,,unavailable,commercial,Быстроразъемные трубопроводы,,general,hub,HUB,,C001,high,core,комплект трубопровода,/bystrotruby-site/constructions/,главный запрос кластера
быстроразъемный трубопровод,,unavailable,commercial,Быстроразъемные трубопроводы,Быстроразъемные трубопроводы,general,hub,HUB,,C001,high,core,комплект трубопровода,/bystrotruby-site/constructions/,вариант/подинтент; частотность не получена
быстроразъемные трубопроводы купить,,unavailable,commercial,Быстроразъемные трубопроводы,Быстроразъемные трубопроводы,general,hub,HUB,,C001,high,core,комплект трубопровода,/bystrotruby-site/constructions/,вариант/подинтент; частотность не получена
быстроразъемная трубопроводная система,,unavailable,commercial,Быстроразъемные трубопроводы,Быстроразъемные трубопроводы,general,hub,HUB,,C001,high,core,комплект трубопровода,/bystrotruby-site/constructions/,вариант/подинтент; частотность не получена
быстросъемный трубопровод,,unavailable,commercial,Быстроразъемные трубопроводы,Быстроразъемные трубопроводы,general,hub,HUB,,C001,high,core,комплект трубопровода,/bystrotruby-site/constructions/,вариант/подинтент; частотность не получена
разъемный трубопровод,,unavailable,commercial,Быстроразъемные трубопроводы,Быстроразъемные трубопроводы,general,hub,HUB,,C001,high,core,комплект трубопровода,/bystrotruby-site/constructions/,вариант/подинтент; частотность не получена
трубопровод с БРС,,unavailable,commercial,Трубопроводы с БРС,,product,category,SEPARATE_PAGE,C001,C002,high,core,трубы с БРС,/bystrotruby-site/constructions/brs-pipelines/,главный запрос кластера
трубопровод на БРС,,unavailable,commercial,Трубопроводы с БРС,Трубопроводы с БРС,product,category,SEPARATE_PAGE,C001,C002,high,core,трубы с БРС,/bystrotruby-site/constructions/brs-pipelines/,вариант/подинтент; частотность не получена
БРС трубопровод,,unavailable,commercial,Трубопроводы с БРС,Трубопроводы с БРС,product,category,SEPARATE_PAGE,C001,C002,high,core,трубы с БРС,/bystrotruby-site/constructions/brs-pipelines/,вариант/подинтент; частотность не получена
сборно разборный трубопровод БРС,,unavailable,commercial,Трубопроводы с БРС,Трубопроводы с БРС,product,category,SEPARATE_PAGE,C001,C002,high,core,трубы с БРС,/bystrotruby-site/constructions/brs-pipelines/,вариант/подинтент; частотность не получена
комплект трубопровода БРС,,unavailable,commercial,Трубопроводы с БРС,Трубопроводы с БРС,product,category,SEPARATE_PAGE,C001,C002,high,core,трубы с БРС,/bystrotruby-site/constructions/brs-pipelines/,вариант/подинтент; частотность не получена
линия трубопровода с БРС,,unavailable,commercial,Трубопроводы с БРС,Трубопроводы с БРС,product,category,SEPARATE_PAGE,C001,C002,high,core,трубы с БРС,/bystrotruby-site/constructions/brs-pipelines/,вариант/подинтент; частотность не получена
трубы с БРС,,unavailable,commercial,Трубы с БРС,,product,category,SEPARATE_PAGE,C002,C003,high,core,трубы с БРС,/bystrotruby-site/catalog/pipes/,главный запрос кластера
труба БРС,,unavailable,commercial,Трубы с БРС,Трубы с БРС,product,category,SEPARATE_PAGE,C002,C003,high,core,трубы с БРС,/bystrotruby-site/catalog/pipes/,вариант/подинтент; частотность не получена
металлические трубы с БРС,,unavailable,commercial,Трубы с БРС,Трубы с БРС,product,category,SEPARATE_PAGE,C002,C003,high,core,трубы с БРС,/bystrotruby-site/catalog/pipes/,вариант/подинтент; частотность не получена
трубы с быстроразъемным соединением,,unavailable,commercial,Трубы с БРС,Трубы с БРС,product,category,SEPARATE_PAGE,C002,C003,high,core,трубы с БРС,/bystrotruby-site/catalog/pipes/,вариант/подинтент; частотность не получена
секции трубопровода БРС,,unavailable,commercial,Трубы с БРС,Трубы с БРС,product,category,SEPARATE_PAGE,C002,C003,high,core,трубы с БРС,/bystrotruby-site/catalog/pipes/,вариант/подинтент; частотность не получена
купить трубы БРС,,unavailable,commercial,Трубы с БРС,Трубы с БРС,product,category,SEPARATE_PAGE,C002,C003,high,core,трубы с БРС,/bystrotruby-site/catalog/pipes/,вариант/подинтент; частотность не получена
труба с шарнирным хомутом,,unavailable,commercial,Трубы с БРС,Трубы с БРС,product,category,SEPARATE_PAGE,C002,C003,high,core,трубы с БРС,/bystrotruby-site/catalog/pipes/,вариант/подинтент; частотность не получена
БРС на шарнирном хомуте,,unavailable,commercial,БРС на шарнирном хомуте,,connection,product,SEPARATE_PAGE,C002,C004,high,core,БРС на шарнирном хомуте,/bystrotruby-site/catalog/quick-couplings/hinged-clamps/,главный запрос кластера
быстроразъемное соединение с шарнирным хомутом,,unavailable,commercial,БРС на шарнирном хомуте,БРС на шарнирном хомуте,connection,product,SEPARATE_PAGE,C002,C004,high,core,БРС на шарнирном хомуте,/bystrotruby-site/catalog/quick-couplings/hinged-clamps/,вариант/подинтент; частотность не получена
БРС с клиновым хомутом,,unavailable,commercial,БРС на шарнирном хомуте,БРС на шарнирном хомуте,connection,product,SEPARATE_PAGE,C002,C004,high,core,БРС на шарнирном хомуте,/bystrotruby-site/catalog/quick-couplings/hinged-clamps/,вариант/подинтент; частотность не получена
БРС труб шарнирный хомут,,unavailable,commercial,БРС на шарнирном хомуте,БРС на шарнирном хомуте,connection,product,SEPARATE_PAGE,C002,C004,high,core,БРС на шарнирном хомуте,/bystrotruby-site/catalog/quick-couplings/hinged-clamps/,вариант/подинтент; частотность не получена
соединение труб шарнирным хомутом,,unavailable,commercial,БРС на шарнирном хомуте,БРС на шарнирном хомуте,connection,product,SEPARATE_PAGE,C002,C004,high,core,БРС на шарнирном хомуте,/bystrotruby-site/catalog/quick-couplings/hinged-clamps/,вариант/подинтент; частотность не получена
хомут БРС,,unavailable,commercial,БРС на шарнирном хомуте,БРС на шарнирном хомуте,connection,product,SEPARATE_PAGE,C002,C004,high,core,БРС на шарнирном хомуте,/bystrotruby-site/catalog/quick-couplings/hinged-clamps/,вариант/подинтент; частотность не получена
комплект БРС на трубу,,unavailable,commercial,БРС на шарнирном хомуте,БРС на шарнирном хомуте,connection,product,SEPARATE_PAGE,C002,C004,high,core,БРС на шарнирном хомуте,/bystrotruby-site/catalog/quick-couplings/hinged-clamps/,вариант/подинтент; частотность не получена
сборно-разборный трубопровод,,unavailable,commercial_research,Быстросборные и сборно-разборные трубопроводы,,general,section_only,SECTION,C001,C005,medium,supporting,комплект трубопровода,/bystrotruby-site/constructions/quick-assembly-pipelines/,главный запрос кластера
быстросборный трубопровод,,unavailable,commercial_research,Быстросборные и сборно-разборные трубопроводы,Быстросборные и сборно-разборные трубопроводы,general,section_only,SECTION,C001,C005,medium,supporting,комплект трубопровода,/bystrotruby-site/constructions/quick-assembly-pipelines/,вариант/подинтент; частотность не получена
сборно разборные трубопроводы,,unavailable,commercial_research,Быстросборные и сборно-разборные трубопроводы,Быстросборные и сборно-разборные трубопроводы,general,section_only,SECTION,C001,C005,medium,supporting,комплект трубопровода,/bystrotruby-site/constructions/quick-assembly-pipelines/,вариант/подинтент; частотность не получена
разборный трубопровод,,unavailable,commercial_research,Быстросборные и сборно-разборные трубопроводы,Быстросборные и сборно-разборные трубопроводы,general,section_only,SECTION,C001,C005,medium,supporting,комплект трубопровода,/bystrotruby-site/constructions/quick-assembly-pipelines/,вариант/подинтент; частотность не получена
модульный сборный трубопровод,,unavailable,commercial_research,Быстросборные и сборно-разборные трубопроводы,Быстросборные и сборно-разборные трубопроводы,general,section_only,SECTION,C001,C005,medium,supporting,комплект трубопровода,/bystrotruby-site/constructions/quick-assembly-pipelines/,вариант/подинтент; частотность не получена
быстромонтируемый трубопровод,,unavailable,commercial_research,Быстросборные и сборно-разборные трубопроводы,Быстросборные и сборно-разборные трубопроводы,general,section_only,SECTION,C001,C005,medium,supporting,комплект трубопровода,/bystrotruby-site/constructions/quick-assembly-pipelines/,вариант/подинтент; частотность не получена
временный трубопровод,,unavailable,commercial_research,Временные и мобильные трубопроводы,,general,category,SEPARATE_PAGE,C001,C006,high,core,комплект трубопровода,/bystrotruby-site/constructions/temporary-pipelines/,главный запрос кластера
мобильный трубопровод,,unavailable,commercial_research,Временные и мобильные трубопроводы,Временные и мобильные трубопроводы,general,category,SEPARATE_PAGE,C001,C006,high,core,комплект трубопровода,/bystrotruby-site/constructions/temporary-pipelines/,вариант/подинтент; частотность не получена
переносной трубопровод,,unavailable,commercial_research,Временные и мобильные трубопроводы,Временные и мобильные трубопроводы,general,category,SEPARATE_PAGE,C001,C006,high,core,комплект трубопровода,/bystrotruby-site/constructions/temporary-pipelines/,вариант/подинтент; частотность не получена
временные трубопроводные системы,,unavailable,commercial_research,Временные и мобильные трубопроводы,Временные и мобильные трубопроводы,general,category,SEPARATE_PAGE,C001,C006,high,core,комплект трубопровода,/bystrotruby-site/constructions/temporary-pipelines/,вариант/подинтент; частотность не получена
мобильные трубопроводные системы,,unavailable,commercial_research,Временные и мобильные трубопроводы,Временные и мобильные трубопроводы,general,category,SEPARATE_PAGE,C001,C006,high,core,комплект трубопровода,/bystrotruby-site/constructions/temporary-pipelines/,вариант/подинтент; частотность не получена
временный водовод,,unavailable,commercial_research,Временные и мобильные трубопроводы,Временные и мобильные трубопроводы,general,category,SEPARATE_PAGE,C001,C006,high,core,комплект трубопровода,/bystrotruby-site/constructions/temporary-pipelines/,вариант/подинтент; частотность не получена
полевой трубопровод,,unavailable,commercial_research,Временные и мобильные трубопроводы,Временные и мобильные трубопроводы,general,category,SEPARATE_PAGE,C001,C006,high,core,комплект трубопровода,/bystrotruby-site/constructions/temporary-pipelines/,вариант/подинтент; частотность не получена
быстровозводимый трубопровод,,unavailable,commercial_research,Временные и мобильные трубопроводы,Временные и мобильные трубопроводы,general,category,SEPARATE_PAGE,C001,C006,high,core,комплект трубопровода,/bystrotruby-site/constructions/temporary-pipelines/,вариант/подинтент; частотность не получена
напорный трубопровод,,unavailable,commercial_research,Напорные трубопроводы,,general,hub,HUB,C001,C007,medium,supporting,комплект трубопровода,/bystrotruby-site/constructions/high-pressure-pipelines/,главный запрос кластера
высоконапорный трубопровод,,unavailable,commercial_research,Напорные трубопроводы,Напорные трубопроводы,general,hub,HUB,C001,C007,medium,supporting,комплект трубопровода,/bystrotruby-site/constructions/high-pressure-pipelines/,вариант/подинтент; частотность не получена
напорный водовод,,unavailable,commercial_research,Напорные трубопроводы,Напорные трубопроводы,general,hub,HUB,C001,C007,medium,supporting,комплект трубопровода,/bystrotruby-site/constructions/high-pressure-pipelines/,вариант/подинтент; частотность не получена
напорные трубопроводные системы,,unavailable,commercial_research,Напорные трубопроводы,Напорные трубопроводы,general,hub,HUB,C001,C007,medium,supporting,комплект трубопровода,/bystrotruby-site/constructions/high-pressure-pipelines/,вариант/подинтент; частотность не получена
трубопровод насосной станции,,unavailable,commercial_research,Напорные трубопроводы,Напорные трубопроводы,general,hub,HUB,C001,C007,medium,supporting,комплект трубопровода,/bystrotruby-site/constructions/high-pressure-pipelines/,вариант/подинтент; частотность не получена
водопонижение,,unavailable,commercial_research,Водопонижение,,application,application,SEPARATE_PAGE,A000,C008,high,core,комплект трубопровода,/bystrotruby-site/solutions/dewatering/,главный запрос кластера
водопонижение грунтовых вод,,unavailable,commercial_research,Водопонижение,Водопонижение,application,application,SEPARATE_PAGE,A000,C008,high,core,комплект трубопровода,/bystrotruby-site/solutions/dewatering/,вариант/подинтент; частотность не получена
строительное водопонижение,,unavailable,commercial_research,Водопонижение,Водопонижение,application,application,SEPARATE_PAGE,A000,C008,high,core,комплект трубопровода,/bystrotruby-site/solutions/dewatering/,вариант/подинтент; частотность не получена
водопонижение котлована,,unavailable,commercial_research,Водопонижение,Водопонижение,application,application,SEPARATE_PAGE,A000,C008,high,core,комплект трубопровода,/bystrotruby-site/solutions/dewatering/,вариант/подинтент; частотность не получена
водопонижение на стройплощадке,,unavailable,commercial_research,Водопонижение,Водопонижение,application,application,SEPARATE_PAGE,A000,C008,high,core,комплект трубопровода,/bystrotruby-site/solutions/dewatering/,вариант/подинтент; частотность не получена
трубы для водопонижения,,unavailable,commercial_research,Водопонижение,Водопонижение,application,application,SEPARATE_PAGE,A000,C008,high,core,комплект трубопровода,/bystrotruby-site/solutions/dewatering/,вариант/подинтент; частотность не получена
трубопровод водопонижения,,unavailable,commercial_research,Водопонижение,Водопонижение,application,application,SEPARATE_PAGE,A000,C008,high,core,комплект трубопровода,/bystrotruby-site/solutions/dewatering/,вариант/подинтент; частотность не получена
БРС для водопонижения,,unavailable,commercial_research,Водопонижение,Водопонижение,application,application,SEPARATE_PAGE,A000,C008,high,core,комплект трубопровода,/bystrotruby-site/solutions/dewatering/,вариант/подинтент; частотность не получена
водопонижение иглофильтрами,,unavailable,commercial_research,Водопонижение,Водопонижение,application,application,SEPARATE_PAGE,A000,C008,high,core,комплект трубопровода,/bystrotruby-site/solutions/dewatering/,вариант/подинтент; частотность не получена
водоотлив,,unavailable,commercial_research,Водоотлив и откачка воды,,application,application,SEPARATE_PAGE,A000,C009,high,core,комплект трубопровода,/bystrotruby-site/solutions/dewatering/#vodootliv,главный запрос кластера
откачка воды,,unavailable,commercial_research,Водоотлив и откачка воды,Водоотлив и откачка воды,application,application,SEPARATE_PAGE,A000,C009,high,core,комплект трубопровода,/bystrotruby-site/solutions/dewatering/#vodootliv,вариант/подинтент; частотность не получена
водоотлив трубопровод,,unavailable,commercial_research,Водоотлив и откачка воды,Водоотлив и откачка воды,application,application,SEPARATE_PAGE,A000,C009,high,core,комплект трубопровода,/bystrotruby-site/solutions/dewatering/#vodootliv,вариант/подинтент; частотность не получена
трубы для откачки воды,,unavailable,commercial_research,Водоотлив и откачка воды,Водоотлив и откачка воды,application,application,SEPARATE_PAGE,A000,C009,high,core,комплект трубопровода,/bystrotruby-site/solutions/dewatering/#vodootliv,вариант/подинтент; частотность не получена
отвод воды с объекта,,unavailable,commercial_research,Водоотлив и откачка воды,Водоотлив и откачка воды,application,application,SEPARATE_PAGE,A000,C009,high,core,комплект трубопровода,/bystrotruby-site/solutions/dewatering/#vodootliv,вариант/подинтент; частотность не получена
аварийная откачка воды,,unavailable,commercial_research,Водоотлив и откачка воды,Водоотлив и откачка воды,application,application,SEPARATE_PAGE,A000,C009,high,core,комплект трубопровода,/bystrotruby-site/solutions/dewatering/#vodootliv,вариант/подинтент; частотность не получена
водоотливная установка трубопровод,,unavailable,commercial_research,Водоотлив и откачка воды,Водоотлив и откачка воды,application,application,SEPARATE_PAGE,A000,C009,high,core,комплект трубопровода,/bystrotruby-site/solutions/dewatering/#vodootliv,вариант/подинтент; частотность не получена
карьерный водоотлив,,unavailable,commercial_research,Карьерный водоотлив,,intersection,application,SEPARATE_PAGE,C009,C010,high,core,трубы с БРС,/bystrotruby-site/solutions/dewatering/#quarry,главный запрос кластера
водоотлив в карьере,,unavailable,commercial_research,Карьерный водоотлив,Карьерный водоотлив,intersection,application,SEPARATE_PAGE,C009,C010,high,core,трубы с БРС,/bystrotruby-site/solutions/dewatering/#quarry,вариант/подинтент; частотность не получена
откачка воды из карьера,,unavailable,commercial_research,Карьерный водоотлив,Карьерный водоотлив,intersection,application,SEPARATE_PAGE,C009,C010,high,core,трубы с БРС,/bystrotruby-site/solutions/dewatering/#quarry,вариант/подинтент; частотность не получена
трубы для карьерного водоотлива,,unavailable,commercial_research,Карьерный водоотлив,Карьерный водоотлив,intersection,application,SEPARATE_PAGE,C009,C010,high,core,трубы с БРС,/bystrotruby-site/solutions/dewatering/#quarry,вариант/подинтент; частотность не получена
карьерный водоотлив трубопровод,,unavailable,commercial_research,Карьерный водоотлив,Карьерный водоотлив,intersection,application,SEPARATE_PAGE,C009,C010,high,core,трубы с БРС,/bystrotruby-site/solutions/dewatering/#quarry,вариант/подинтент; частотность не получена
насосная станция карьерного водоотлива,,unavailable,commercial_research,Карьерный водоотлив,Карьерный водоотлив,intersection,application,SEPARATE_PAGE,C009,C010,high,core,трубы с БРС,/bystrotruby-site/solutions/dewatering/#quarry,вариант/подинтент; частотность не получена
шахтный водоотлив,,unavailable,commercial_research,Шахтный водоотлив,,intersection,application,SEPARATE_PAGE,C009,C011,high,core,трубы с БРС,/bystrotruby-site/solutions/dewatering/#mine,главный запрос кластера
водоотлив в шахте,,unavailable,commercial_research,Шахтный водоотлив,Шахтный водоотлив,intersection,application,SEPARATE_PAGE,C009,C011,high,core,трубы с БРС,/bystrotruby-site/solutions/dewatering/#mine,вариант/подинтент; частотность не получена
откачка воды из шахты,,unavailable,commercial_research,Шахтный водоотлив,Шахтный водоотлив,intersection,application,SEPARATE_PAGE,C009,C011,high,core,трубы с БРС,/bystrotruby-site/solutions/dewatering/#mine,вариант/подинтент; частотность не получена
шахтный водоотлив трубопровод,,unavailable,commercial_research,Шахтный водоотлив,Шахтный водоотлив,intersection,application,SEPARATE_PAGE,C009,C011,high,core,трубы с БРС,/bystrotruby-site/solutions/dewatering/#mine,вариант/подинтент; частотность не получена
трубы для шахтного водоотлива,,unavailable,commercial_research,Шахтный водоотлив,Шахтный водоотлив,intersection,application,SEPARATE_PAGE,C009,C011,high,core,трубы с БРС,/bystrotruby-site/solutions/dewatering/#mine,вариант/подинтент; частотность не получена
водоотлив рудника,,unavailable,commercial_research,Шахтный водоотлив,Шахтный водоотлив,intersection,application,SEPARATE_PAGE,C009,C011,high,core,трубы с БРС,/bystrotruby-site/solutions/dewatering/#mine,вариант/подинтент; частотность не получена
трубопровод для подачи воды,,unavailable,commercial_research,Водоснабжение и подача воды,,application,application,SEPARATE_PAGE,A000,C012,high,core,комплект трубопровода,/bystrotruby-site/solutions/water-supply/,главный запрос кластера
временное водоснабжение,,unavailable,commercial_research,Водоснабжение и подача воды,Водоснабжение и подача воды,application,application,SEPARATE_PAGE,A000,C012,high,core,комплект трубопровода,/bystrotruby-site/solutions/water-supply/,вариант/подинтент; частотность не получена
подача технической воды,,unavailable,commercial_research,Водоснабжение и подача воды,Водоснабжение и подача воды,application,application,SEPARATE_PAGE,A000,C012,high,core,комплект трубопровода,/bystrotruby-site/solutions/water-supply/,вариант/подинтент; частотность не получена
трубы для подачи воды,,unavailable,commercial_research,Водоснабжение и подача воды,Водоснабжение и подача воды,application,application,SEPARATE_PAGE,A000,C012,high,core,комплект трубопровода,/bystrotruby-site/solutions/water-supply/,вариант/подинтент; частотность не получена
временная сеть водоснабжения,,unavailable,commercial_research,Водоснабжение и подача воды,Водоснабжение и подача воды,application,application,SEPARATE_PAGE,A000,C012,high,core,комплект трубопровода,/bystrotruby-site/solutions/water-supply/,вариант/подинтент; частотность не получена
мобильный водовод,,unavailable,commercial_research,Водоснабжение и подача воды,Водоснабжение и подача воды,application,application,SEPARATE_PAGE,A000,C012,high,core,комплект трубопровода,/bystrotruby-site/solutions/water-supply/,вариант/подинтент; частотность не получена
техническое водоснабжение предприятия,,unavailable,commercial_research,Водоснабжение и подача воды,Водоснабжение и подача воды,application,application,SEPARATE_PAGE,A000,C012,high,core,комплект трубопровода,/bystrotruby-site/solutions/water-supply/,вариант/подинтент; частотность не получена
трубопровод для водоотведения,,unavailable,commercial_research,Водоотведение и дренаж,,application,application,SECTION,A000,C013,medium,supporting,комплект трубопровода,/bystrotruby-site/solutions/dewatering/#drainage,главный запрос кластера
отвод грунтовых вод,,unavailable,commercial_research,Водоотведение и дренаж,Водоотведение и дренаж,application,application,SECTION,A000,C013,medium,supporting,комплект трубопровода,/bystrotruby-site/solutions/dewatering/#drainage,вариант/подинтент; частотность не получена
трубы для отвода воды,,unavailable,commercial_research,Водоотведение и дренаж,Водоотведение и дренаж,application,application,SECTION,A000,C013,medium,supporting,комплект трубопровода,/bystrotruby-site/solutions/dewatering/#drainage,вариант/подинтент; частотность не получена
временное водоотведение,,unavailable,commercial_research,Водоотведение и дренаж,Водоотведение и дренаж,application,application,SECTION,A000,C013,medium,supporting,комплект трубопровода,/bystrotruby-site/solutions/dewatering/#drainage,вариант/подинтент; частотность не получена
дренаж стройплощадки,,unavailable,commercial_research,Водоотведение и дренаж,Водоотведение и дренаж,application,application,SECTION,A000,C013,medium,supporting,комплект трубопровода,/bystrotruby-site/solutions/dewatering/#drainage,вариант/подинтент; частотность не получена
отвод сточных вод,,unavailable,commercial_research,Водоотведение и дренаж,Водоотведение и дренаж,application,application,SECTION,A000,C013,medium,supporting,комплект трубопровода,/bystrotruby-site/solutions/dewatering/#drainage,вариант/подинтент; частотность не получена
трубы для орошения,,unavailable,commercial_research,Орошение и мелиорация,,application,application,HUB,A000,C014,high,core,комплект трубопровода,/bystrotruby-site/solutions/irrigation-melioration/,главный запрос кластера
трубопровод для полива,,unavailable,commercial_research,Орошение и мелиорация,Орошение и мелиорация,application,application,HUB,A000,C014,high,core,комплект трубопровода,/bystrotruby-site/solutions/irrigation-melioration/,вариант/подинтент; частотность не получена
быстроразъемные трубы для полива,,unavailable,commercial_research,Орошение и мелиорация,Орошение и мелиорация,application,application,HUB,A000,C014,high,core,комплект трубопровода,/bystrotruby-site/solutions/irrigation-melioration/,вариант/подинтент; частотность не получена
мобильный трубопровод для орошения,,unavailable,commercial_research,Орошение и мелиорация,Орошение и мелиорация,application,application,HUB,A000,C014,high,core,комплект трубопровода,/bystrotruby-site/solutions/irrigation-melioration/,вариант/подинтент; частотность не получена
полевой трубопровод для полива,,unavailable,commercial_research,Орошение и мелиорация,Орошение и мелиорация,application,application,HUB,A000,C014,high,core,комплект трубопровода,/bystrotruby-site/solutions/irrigation-melioration/,вариант/подинтент; частотность не получена
мелиоративный трубопровод,,unavailable,commercial_research,Орошение и мелиорация,Орошение и мелиорация,application,application,HUB,A000,C014,high,core,комплект трубопровода,/bystrotruby-site/solutions/irrigation-melioration/,вариант/подинтент; частотность не получена
трубы для дождевальных машин,,unavailable,commercial_research,Орошение и мелиорация,Орошение и мелиорация,application,application,HUB,A000,C014,high,core,комплект трубопровода,/bystrotruby-site/solutions/irrigation-melioration/,вариант/подинтент; частотность не получена
пульпопровод,,unavailable,commercial_research,Пульпопроводы,,application,application,SEPARATE_PAGE,A000,C015,high,core,комплект трубопровода,/bystrotruby-site/solutions/slurry-pumping/,главный запрос кластера
трубопровод для пульпы,,unavailable,commercial_research,Пульпопроводы,Пульпопроводы,application,application,SEPARATE_PAGE,A000,C015,high,core,комплект трубопровода,/bystrotruby-site/solutions/slurry-pumping/,вариант/подинтент; частотность не получена
трубы для пульпопровода,,unavailable,commercial_research,Пульпопроводы,Пульпопроводы,application,application,SEPARATE_PAGE,A000,C015,high,core,комплект трубопровода,/bystrotruby-site/solutions/slurry-pumping/,вариант/подинтент; частотность не получена
стальной пульпопровод,,unavailable,commercial_research,Пульпопроводы,Пульпопроводы,application,application,SEPARATE_PAGE,A000,C015,high,core,комплект трубопровода,/bystrotruby-site/solutions/slurry-pumping/,вариант/подинтент; частотность не получена
ПНД пульпопровод,,unavailable,commercial_research,Пульпопроводы,Пульпопроводы,application,application,SEPARATE_PAGE,A000,C015,high,core,комплект трубопровода,/bystrotruby-site/solutions/slurry-pumping/,вариант/подинтент; частотность не получена
перекачка пульпы,,unavailable,commercial_research,Пульпопроводы,Пульпопроводы,application,application,SEPARATE_PAGE,A000,C015,high,core,комплект трубопровода,/bystrotruby-site/solutions/slurry-pumping/,вариант/подинтент; частотность не получена
напорный пульпопровод,,unavailable,commercial_research,Пульпопроводы,Пульпопроводы,application,application,SEPARATE_PAGE,A000,C015,high,core,комплект трубопровода,/bystrotruby-site/solutions/slurry-pumping/,вариант/подинтент; частотность не получена
шламопровод,,unavailable,commercial_research,Шламопроводы,,application,application,SEPARATE_PAGE,A000,C016,high,core,комплект трубопровода,/bystrotruby-site/solutions/sludge-pumping/,главный запрос кластера
трубопровод для шлама,,unavailable,commercial_research,Шламопроводы,Шламопроводы,application,application,SEPARATE_PAGE,A000,C016,high,core,комплект трубопровода,/bystrotruby-site/solutions/sludge-pumping/,вариант/подинтент; частотность не получена
трубы для шламопровода,,unavailable,commercial_research,Шламопроводы,Шламопроводы,application,application,SEPARATE_PAGE,A000,C016,high,core,комплект трубопровода,/bystrotruby-site/solutions/sludge-pumping/,вариант/подинтент; частотность не получена
перекачка шлама,,unavailable,commercial_research,Шламопроводы,Шламопроводы,application,application,SEPARATE_PAGE,A000,C016,high,core,комплект трубопровода,/bystrotruby-site/solutions/sludge-pumping/,вариант/подинтент; частотность не получена
напорный шламопровод,,unavailable,commercial_research,Шламопроводы,Шламопроводы,application,application,SEPARATE_PAGE,A000,C016,high,core,комплект трубопровода,/bystrotruby-site/solutions/sludge-pumping/,вариант/подинтент; частотность не получена
абразивный шлам трубопровод,,unavailable,commercial_research,Шламопроводы,Шламопроводы,application,application,SEPARATE_PAGE,A000,C016,high,core,комплект трубопровода,/bystrotruby-site/solutions/sludge-pumping/,вариант/подинтент; частотность не получена
гидротранспорт трубопровод,,unavailable,commercial_research,Гидротранспорт и гидромеханизация,,application,application,SECTION,A000,C017,medium,supporting,комплект трубопровода,/bystrotruby-site/solutions/slurry-pumping/#hydrotransport,главный запрос кластера
гидромеханизация трубопроводы,,unavailable,commercial_research,Гидротранспорт и гидромеханизация,Гидротранспорт и гидромеханизация,application,application,SECTION,A000,C017,medium,supporting,комплект трубопровода,/bystrotruby-site/solutions/slurry-pumping/#hydrotransport,вариант/подинтент; частотность не получена
транспортировка гидросмеси,,unavailable,commercial_research,Гидротранспорт и гидромеханизация,Гидротранспорт и гидромеханизация,application,application,SECTION,A000,C017,medium,supporting,комплект трубопровода,/bystrotruby-site/solutions/slurry-pumping/#hydrotransport,вариант/подинтент; частотность не получена
гидросмесь трубопровод,,unavailable,commercial_research,Гидротранспорт и гидромеханизация,Гидротранспорт и гидромеханизация,application,application,SECTION,A000,C017,medium,supporting,комплект трубопровода,/bystrotruby-site/solutions/slurry-pumping/#hydrotransport,вариант/подинтент; частотность не получена
намыв трубопровод,,unavailable,commercial_research,Гидротранспорт и гидромеханизация,Гидротранспорт и гидромеханизация,application,application,SECTION,A000,C017,medium,supporting,комплект трубопровода,/bystrotruby-site/solutions/slurry-pumping/#hydrotransport,вариант/подинтент; частотность не получена
дноуглубление пульпопровод,,unavailable,commercial_research,Гидротранспорт и гидромеханизация,Гидротранспорт и гидромеханизация,application,application,SECTION,A000,C017,medium,supporting,комплект трубопровода,/bystrotruby-site/solutions/slurry-pumping/#hydrotransport,вариант/подинтент; частотность не получена
трубопровод гидрозолоудаления,,unavailable,commercial_research,Гидрозолоудаление,,application,application,SEPARATE_PAGE,A000,C018,medium,supporting,комплект трубопровода,/bystrotruby-site/solutions/ash-slag-removal/,главный запрос кластера
гидрозолоудаление трубы,,unavailable,commercial_research,Гидрозолоудаление,Гидрозолоудаление,application,application,SEPARATE_PAGE,A000,C018,medium,supporting,комплект трубопровода,/bystrotruby-site/solutions/ash-slag-removal/,вариант/подинтент; частотность не получена
золошлакопровод,,unavailable,commercial_research,Гидрозолоудаление,Гидрозолоудаление,application,application,SEPARATE_PAGE,A000,C018,medium,supporting,комплект трубопровода,/bystrotruby-site/solutions/ash-slag-removal/,вариант/подинтент; частотность не получена
трубопровод золошлаковой смеси,,unavailable,commercial_research,Гидрозолоудаление,Гидрозолоудаление,application,application,SEPARATE_PAGE,A000,C018,medium,supporting,комплект трубопровода,/bystrotruby-site/solutions/ash-slag-removal/,вариант/подинтент; частотность не получена
перекачка золошлака,,unavailable,commercial_research,Гидрозолоудаление,Гидрозолоудаление,application,application,SEPARATE_PAGE,A000,C018,medium,supporting,комплект трубопровода,/bystrotruby-site/solutions/ash-slag-removal/,вариант/подинтент; частотность не получена
трубопровод пылеподавления,,unavailable,commercial_research,Пылеподавление,,application,application,SEPARATE_PAGE,A000,C019,medium,supporting,комплект трубопровода,/bystrotruby-site/solutions/dust-suppression/,главный запрос кластера
водоснабжение системы пылеподавления,,unavailable,commercial_research,Пылеподавление,Пылеподавление,application,application,SEPARATE_PAGE,A000,C019,medium,supporting,комплект трубопровода,/bystrotruby-site/solutions/dust-suppression/,вариант/подинтент; частотность не получена
трубы для пылеподавления,,unavailable,commercial_research,Пылеподавление,Пылеподавление,application,application,SEPARATE_PAGE,A000,C019,medium,supporting,комплект трубопровода,/bystrotruby-site/solutions/dust-suppression/,вариант/подинтент; частотность не получена
пылеподавление в карьере вода,,unavailable,commercial_research,Пылеподавление,Пылеподавление,application,application,SEPARATE_PAGE,A000,C019,medium,supporting,комплект трубопровода,/bystrotruby-site/solutions/dust-suppression/,вариант/подинтент; частотность не получена
временное пожарное водоснабжение,,unavailable,commercial_research,Пожарное водоснабжение,,application,application,SEPARATE_PAGE,A000,C020,medium,supporting,комплект трубопровода,/bystrotruby-site/solutions/fire-water-supply/,главный запрос кластера
мобильный пожарный трубопровод,,unavailable,commercial_research,Пожарное водоснабжение,Пожарное водоснабжение,application,application,SEPARATE_PAGE,A000,C020,medium,supporting,комплект трубопровода,/bystrotruby-site/solutions/fire-water-supply/,вариант/подинтент; частотность не получена
трубопровод для пожаротушения,,unavailable,commercial_research,Пожарное водоснабжение,Пожарное водоснабжение,application,application,SEPARATE_PAGE,A000,C020,medium,supporting,комплект трубопровода,/bystrotruby-site/solutions/fire-water-supply/,вариант/подинтент; частотность не получена
полевой трубопровод пожаротушения,,unavailable,commercial_research,Пожарное водоснабжение,Пожарное водоснабжение,application,application,SEPARATE_PAGE,A000,C020,medium,supporting,комплект трубопровода,/bystrotruby-site/solutions/fire-water-supply/,вариант/подинтент; частотность не получена
аварийное пожарное водоснабжение,,unavailable,commercial_research,Пожарное водоснабжение,Пожарное водоснабжение,application,application,SEPARATE_PAGE,A000,C020,medium,supporting,комплект трубопровода,/bystrotruby-site/solutions/fire-water-supply/,вариант/подинтент; частотность не получена
байпасирование трубопровода,,unavailable,commercial_research,Байпасирование трубопроводов,,application,application,SEPARATE_PAGE,A000,C021,medium,core,комплект трубопровода,/bystrotruby-site/solutions/bypass-pipelines/,главный запрос кластера
временный байпас трубопровода,,unavailable,commercial_research,Байпасирование трубопроводов,Байпасирование трубопроводов,application,application,SEPARATE_PAGE,A000,C021,medium,core,комплект трубопровода,/bystrotruby-site/solutions/bypass-pipelines/,вариант/подинтент; частотность не получена
обводной трубопровод на время ремонта,,unavailable,commercial_research,Байпасирование трубопроводов,Байпасирование трубопроводов,application,application,SEPARATE_PAGE,A000,C021,medium,core,комплект трубопровода,/bystrotruby-site/solutions/bypass-pipelines/,вариант/подинтент; частотность не получена
байпас канализации,,unavailable,commercial_research,Байпасирование трубопроводов,Байпасирование трубопроводов,application,application,SEPARATE_PAGE,A000,C021,medium,core,комплект трубопровода,/bystrotruby-site/solutions/bypass-pipelines/,вариант/подинтент; частотность не получена
байпас водопровода,,unavailable,commercial_research,Байпасирование трубопроводов,Байпасирование трубопроводов,application,application,SEPARATE_PAGE,A000,C021,medium,core,комплект трубопровода,/bystrotruby-site/solutions/bypass-pipelines/,вариант/подинтент; частотность не получена
перекачка стоков при ремонте,,unavailable,commercial_research,Байпасирование трубопроводов,Байпасирование трубопроводов,application,application,SEPARATE_PAGE,A000,C021,medium,core,комплект трубопровода,/bystrotruby-site/solutions/bypass-pipelines/,вариант/подинтент; частотность не получена
аварийный трубопровод,,unavailable,commercial_research,Аварийные и ремонтные линии,,application,application,SECTION,A000,C022,medium,core,комплект трубопровода,/bystrotruby-site/solutions/water-supply/#emergency,главный запрос кластера
временный трубопровод на время ремонта,,unavailable,commercial_research,Аварийные и ремонтные линии,Аварийные и ремонтные линии,application,application,SECTION,A000,C022,medium,core,комплект трубопровода,/bystrotruby-site/solutions/water-supply/#emergency,вариант/подинтент; частотность не получена
ликвидация аварии водопровода,,unavailable,commercial_research,Аварийные и ремонтные линии,Аварийные и ремонтные линии,application,application,SECTION,A000,C022,medium,core,комплект трубопровода,/bystrotruby-site/solutions/water-supply/#emergency,вариант/подинтент; частотность не получена
ремонт трубопровода временная линия,,unavailable,commercial_research,Аварийные и ремонтные линии,Аварийные и ремонтные линии,application,application,SECTION,A000,C022,medium,core,комплект трубопровода,/bystrotruby-site/solutions/water-supply/#emergency,вариант/подинтент; частотность не получена
реконструкция трубопровода байпас,,unavailable,commercial_research,Аварийные и ремонтные линии,Аварийные и ремонтные линии,application,application,SECTION,A000,C022,medium,core,комплект трубопровода,/bystrotruby-site/solutions/water-supply/#emergency,вариант/подинтент; частотность не получена
трубопровод для опрессовки,,unavailable,commercial_research,Опрессовка и промывка,,application,application,SECTION,A000,C023,low,supporting,комплект трубопровода,/bystrotruby-site/solutions/water-supply/#service,главный запрос кластера
временная линия для гидроиспытаний,,unavailable,commercial_research,Опрессовка и промывка,Опрессовка и промывка,application,application,SECTION,A000,C023,low,supporting,комплект трубопровода,/bystrotruby-site/solutions/water-supply/#service,вариант/подинтент; частотность не получена
трубопровод для промывки,,unavailable,commercial_research,Опрессовка и промывка,Опрессовка и промывка,application,application,SECTION,A000,C023,low,supporting,комплект трубопровода,/bystrotruby-site/solutions/water-supply/#service,вариант/подинтент; частотность не получена
временный трубопровод для очистки,,unavailable,commercial_research,Опрессовка и промывка,Опрессовка и промывка,application,application,SECTION,A000,C023,low,supporting,комплект трубопровода,/bystrotruby-site/solutions/water-supply/#service,вариант/подинтент; частотность не получена
подача воды для опрессовки,,unavailable,commercial_research,Опрессовка и промывка,Опрессовка и промывка,application,application,SECTION,A000,C023,low,supporting,комплект трубопровода,/bystrotruby-site/solutions/water-supply/#service,вариант/подинтент; частотность не получена
трубопровод для снегогенерации,,unavailable,commercial_research,Снегогенерация,,application,application,SEPARATE_PAGE,A000,C024,medium,supporting,комплект трубопровода,/bystrotruby-site/solutions/snowmaking/,главный запрос кластера
трубы для искусственного оснежения,,unavailable,commercial_research,Снегогенерация,Снегогенерация,application,application,SEPARATE_PAGE,A000,C024,medium,supporting,комплект трубопровода,/bystrotruby-site/solutions/snowmaking/,вариант/подинтент; частотность не получена
водопровод для снежных пушек,,unavailable,commercial_research,Снегогенерация,Снегогенерация,application,application,SEPARATE_PAGE,A000,C024,medium,supporting,комплект трубопровода,/bystrotruby-site/solutions/snowmaking/,вариант/подинтент; частотность не получена
система трубопроводов оснежения,,unavailable,commercial_research,Снегогенерация,Снегогенерация,application,application,SEPARATE_PAGE,A000,C024,medium,supporting,комплект трубопровода,/bystrotruby-site/solutions/snowmaking/,вариант/подинтент; частотность не получена
трубопровод для подачи бетонной смеси,,unavailable,commercial_research,Подача бетона и закладочной смеси,,application,application,HUB,A000,C025,medium,supporting,комплект трубопровода,/bystrotruby-site/solutions/concrete-supply/,главный запрос кластера
бетоновод БРС,,unavailable,commercial_research,Подача бетона и закладочной смеси,Подача бетона и закладочной смеси,application,application,HUB,A000,C025,medium,supporting,комплект трубопровода,/bystrotruby-site/solutions/concrete-supply/,вариант/подинтент; частотность не получена
трубы для бетоновода,,unavailable,commercial_research,Подача бетона и закладочной смеси,Подача бетона и закладочной смеси,application,application,HUB,A000,C025,medium,supporting,комплект трубопровода,/bystrotruby-site/solutions/concrete-supply/,вариант/подинтент; частотность не получена
БРС для бетоновода,,unavailable,commercial_research,Подача бетона и закладочной смеси,Подача бетона и закладочной смеси,application,application,HUB,A000,C025,medium,supporting,комплект трубопровода,/bystrotruby-site/solutions/concrete-supply/,вариант/подинтент; частотность не получена
трубопровод закладочной смеси,,unavailable,commercial_research,Подача бетона и закладочной смеси,Подача бетона и закладочной смеси,application,application,HUB,A000,C025,medium,supporting,комплект трубопровода,/bystrotruby-site/solutions/concrete-supply/,вариант/подинтент; частотность не получена
подача закладочной смеси,,unavailable,commercial_research,Подача бетона и закладочной смеси,Подача бетона и закладочной смеси,application,application,HUB,A000,C025,medium,supporting,комплект трубопровода,/bystrotruby-site/solutions/concrete-supply/,вариант/подинтент; частотность не получена
закладочный трубопровод,,unavailable,commercial_research,Подача бетона и закладочной смеси,Подача бетона и закладочной смеси,application,application,HUB,A000,C025,medium,supporting,комплект трубопровода,/bystrotruby-site/solutions/concrete-supply/,вариант/подинтент; частотность не получена
промышленные трубопроводные системы,,unavailable,commercial_research,Отрасли,,industry,hub,HUB,,I000,medium,supporting,комплект трубопровода,/bystrotruby-site/industries/,главный запрос кластера
трубопроводы для горнодобывающей промышленности,,unavailable,commercial_research,Горнодобывающая промышленность,,industry,industry,SEPARATE_PAGE,I000,C026,high,core,комплект трубопровода,/bystrotruby-site/industries/mining/,главный запрос кластера
трубы для карьера,,unavailable,commercial_research,Горнодобывающая промышленность,Горнодобывающая промышленность,industry,industry,SEPARATE_PAGE,I000,C026,high,core,комплект трубопровода,/bystrotruby-site/industries/mining/,вариант/подинтент; частотность не получена
карьерные трубопроводы,,unavailable,commercial_research,Горнодобывающая промышленность,Горнодобывающая промышленность,industry,industry,SEPARATE_PAGE,I000,C026,high,core,комплект трубопровода,/bystrotruby-site/industries/mining/,вариант/подинтент; частотность не получена
трубы для шахт,,unavailable,commercial_research,Горнодобывающая промышленность,Горнодобывающая промышленность,industry,industry,SEPARATE_PAGE,I000,C026,high,core,комплект трубопровода,/bystrotruby-site/industries/mining/,вариант/подинтент; частотность не получена
шахтные трубопроводы,,unavailable,commercial_research,Горнодобывающая промышленность,Горнодобывающая промышленность,industry,industry,SEPARATE_PAGE,I000,C026,high,core,комплект трубопровода,/bystrotruby-site/industries/mining/,вариант/подинтент; частотность не получена
трубопровод для рудника,,unavailable,commercial_research,Горнодобывающая промышленность,Горнодобывающая промышленность,industry,industry,SEPARATE_PAGE,I000,C026,high,core,комплект трубопровода,/bystrotruby-site/industries/mining/,вариант/подинтент; частотность не получена
трубопровод для ГОКа,,unavailable,commercial_research,Горнодобывающая промышленность,Горнодобывающая промышленность,industry,industry,SEPARATE_PAGE,I000,C026,high,core,комплект трубопровода,/bystrotruby-site/industries/mining/,вариант/подинтент; частотность не получена
трубопровод для угольного разреза,,unavailable,commercial_research,Горнодобывающая промышленность,Горнодобывающая промышленность,industry,industry,SEPARATE_PAGE,I000,C026,high,core,комплект трубопровода,/bystrotruby-site/industries/mining/,вариант/подинтент; частотность не получена
временные трубопроводы для строительства,,unavailable,commercial_research,Строительство,,industry,industry,SEPARATE_PAGE,I000,C027,high,core,комплект трубопровода,/bystrotruby-site/industries/construction/,главный запрос кластера
трубопровод для стройплощадки,,unavailable,commercial_research,Строительство,Строительство,industry,industry,SEPARATE_PAGE,I000,C027,high,core,комплект трубопровода,/bystrotruby-site/industries/construction/,вариант/подинтент; частотность не получена
трубы для котлована,,unavailable,commercial_research,Строительство,Строительство,industry,industry,SEPARATE_PAGE,I000,C027,high,core,комплект трубопровода,/bystrotruby-site/industries/construction/,вариант/подинтент; частотность не получена
временный водопровод стройплощадки,,unavailable,commercial_research,Строительство,Строительство,industry,industry,SEPARATE_PAGE,I000,C027,high,core,комплект трубопровода,/bystrotruby-site/industries/construction/,вариант/подинтент; частотность не получена
трубы для дорожного строительства,,unavailable,commercial_research,Строительство,Строительство,industry,industry,SEPARATE_PAGE,I000,C027,high,core,комплект трубопровода,/bystrotruby-site/industries/construction/,вариант/подинтент; частотность не получена
трубопроводы инфраструктурного строительства,,unavailable,commercial_research,Строительство,Строительство,industry,industry,SEPARATE_PAGE,I000,C027,high,core,комплект трубопровода,/bystrotruby-site/industries/construction/,вариант/подинтент; частотность не получена
трубопроводы для сельского хозяйства,,unavailable,commercial_research,Сельское хозяйство,,industry,industry,SEPARATE_PAGE,I000,C028,medium,supporting,комплект трубопровода,/bystrotruby-site/industries/agriculture/,главный запрос кластера
полевые трубы для сельского хозяйства,,unavailable,commercial_research,Сельское хозяйство,Сельское хозяйство,industry,industry,SEPARATE_PAGE,I000,C028,medium,supporting,комплект трубопровода,/bystrotruby-site/industries/agriculture/,вариант/подинтент; частотность не получена
мобильный водопровод для фермы,,unavailable,commercial_research,Сельское хозяйство,Сельское хозяйство,industry,industry,SEPARATE_PAGE,I000,C028,medium,supporting,комплект трубопровода,/bystrotruby-site/industries/agriculture/,вариант/подинтент; частотность не получена
трубопровод для животноводства,,unavailable,commercial_research,Сельское хозяйство,Сельское хозяйство,industry,industry,SEPARATE_PAGE,I000,C028,medium,supporting,комплект трубопровода,/bystrotruby-site/industries/agriculture/,вариант/подинтент; частотность не получена
сельскохозяйственные трубопроводы,,unavailable,commercial_research,Сельское хозяйство,Сельское хозяйство,industry,industry,SEPARATE_PAGE,I000,C028,medium,supporting,комплект трубопровода,/bystrotruby-site/industries/agriculture/,вариант/подинтент; частотность не получена
временный трубопровод для водоканала,,unavailable,commercial_research,ЖКХ и водоканалы,,industry,industry,SEPARATE_PAGE,I000,C029,medium,core,комплект трубопровода,/bystrotruby-site/industries/utilities-waterworks/,главный запрос кластера
байпас трубопровода водоканала,,unavailable,commercial_research,ЖКХ и водоканалы,ЖКХ и водоканалы,industry,industry,SEPARATE_PAGE,I000,C029,medium,core,комплект трубопровода,/bystrotruby-site/industries/utilities-waterworks/,вариант/подинтент; частотность не получена
аварийный водовод ЖКХ,,unavailable,commercial_research,ЖКХ и водоканалы,ЖКХ и водоканалы,industry,industry,SEPARATE_PAGE,I000,C029,medium,core,комплект трубопровода,/bystrotruby-site/industries/utilities-waterworks/,вариант/подинтент; частотность не получена
временные коммунальные сети,,unavailable,commercial_research,ЖКХ и водоканалы,ЖКХ и водоканалы,industry,industry,SEPARATE_PAGE,I000,C029,medium,core,комплект трубопровода,/bystrotruby-site/industries/utilities-waterworks/,вариант/подинтент; частотность не получена
перекачка сточных вод водоканал,,unavailable,commercial_research,ЖКХ и водоканалы,ЖКХ и водоканалы,industry,industry,SEPARATE_PAGE,I000,C029,medium,core,комплект трубопровода,/bystrotruby-site/industries/utilities-waterworks/,вариант/подинтент; частотность не получена
трубопроводы для ТЭЦ,,unavailable,commercial_research,Энергетика и ТЭЦ,,industry,industry,SEPARATE_PAGE,I000,C030,medium,supporting,комплект трубопровода,/bystrotruby-site/industries/energy/,главный запрос кластера
техническое водоснабжение ТЭЦ,,unavailable,commercial_research,Энергетика и ТЭЦ,Энергетика и ТЭЦ,industry,industry,SEPARATE_PAGE,I000,C030,medium,supporting,комплект трубопровода,/bystrotruby-site/industries/energy/,вариант/подинтент; частотность не получена
трубопровод гидрозолоудаления ТЭЦ,,unavailable,commercial_research,Энергетика и ТЭЦ,Энергетика и ТЭЦ,industry,industry,SEPARATE_PAGE,I000,C030,medium,supporting,комплект трубопровода,/bystrotruby-site/industries/energy/,вариант/подинтент; частотность не получена
временный трубопровод энергетика,,unavailable,commercial_research,Энергетика и ТЭЦ,Энергетика и ТЭЦ,industry,industry,SEPARATE_PAGE,I000,C030,medium,supporting,комплект трубопровода,/bystrotruby-site/industries/energy/,вариант/подинтент; частотность не получена
быстроразъемные трубопроводы нефтегаз,,unavailable,commercial_research,Нефтегаз,,industry,industry,REVIEW,I000,C031,low,traffic_only,комплект трубопровода,/bystrotruby-site/industries/oil-and-gas/,главный запрос кластера
полевой трубопровод нефтепродуктов,,unavailable,commercial_research,Нефтегаз,Нефтегаз,industry,industry,REVIEW,I000,C031,low,traffic_only,комплект трубопровода,/bystrotruby-site/industries/oil-and-gas/,вариант/подинтент; частотность не получена
трубы для месторождения,,unavailable,commercial_research,Нефтегаз,Нефтегаз,industry,industry,REVIEW,I000,C031,low,traffic_only,комплект трубопровода,/bystrotruby-site/industries/oil-and-gas/,вариант/подинтент; частотность не получена
БРС высокого давления нефтегаз,,unavailable,commercial_research,Нефтегаз,Нефтегаз,industry,industry,REVIEW,I000,C031,low,traffic_only,комплект трубопровода,/bystrotruby-site/industries/oil-and-gas/,вариант/подинтент; частотность не получена
промышленные трубопроводы для шлама,,unavailable,commercial_research,"Металлургия, химия и цемент",,industry,industry,SECTION,I000,C032,low,supporting,комплект трубопровода,/bystrotruby-site/industries/metallurgy/,главный запрос кластера
трубопровод металлургического предприятия,,unavailable,commercial_research,"Металлургия, химия и цемент","Металлургия, химия и цемент",industry,industry,SECTION,I000,C032,low,supporting,комплект трубопровода,/bystrotruby-site/industries/metallurgy/,вариант/подинтент; частотность не получена
трубопровод химического предприятия,,unavailable,commercial_research,"Металлургия, химия и цемент","Металлургия, химия и цемент",industry,industry,SECTION,I000,C032,low,supporting,комплект трубопровода,/bystrotruby-site/industries/metallurgy/,вариант/подинтент; частотность не получена
трубопровод цементного завода,,unavailable,commercial_research,"Металлургия, химия и цемент","Металлургия, химия и цемент",industry,industry,SECTION,I000,C032,low,supporting,комплект трубопровода,/bystrotruby-site/industries/metallurgy/,вариант/подинтент; частотность не получена
транспортировка шлама на производстве,,unavailable,commercial_research,"Металлургия, химия и цемент","Металлургия, химия и цемент",industry,industry,SECTION,I000,C032,low,supporting,комплект трубопровода,/bystrotruby-site/industries/metallurgy/,вариант/подинтент; частотность не получена
материалы трубопроводов,,unavailable,commercial_research,Материалы труб,,material,hub,HUB,,M000,medium,supporting,трубы с БРС,/bystrotruby-site/materials/,главный запрос кластера
стальные трубы с БРС,,unavailable,commercial,Стальные трубы с БРС,,intersection,material,SEPARATE_PAGE,M000,C033,high,core,трубы с БРС,/bystrotruby-site/materials/steel-pipes/,главный запрос кластера
стальная труба БРС,,unavailable,commercial,Стальные трубы с БРС,Стальные трубы с БРС,intersection,material,SEPARATE_PAGE,M000,C033,high,core,трубы с БРС,/bystrotruby-site/materials/steel-pipes/,вариант/подинтент; частотность не получена
металлические трубы с быстроразъемным соединением,,unavailable,commercial,Стальные трубы с БРС,Стальные трубы с БРС,intersection,material,SEPARATE_PAGE,M000,C033,high,core,трубы с БРС,/bystrotruby-site/materials/steel-pipes/,вариант/подинтент; частотность не получена
оцинкованные трубы с БРС,,unavailable,commercial,Стальные трубы с БРС,Стальные трубы с БРС,intersection,material,SEPARATE_PAGE,M000,C033,high,core,трубы с БРС,/bystrotruby-site/materials/steel-pipes/,вариант/подинтент; частотность не получена
стальной сборно разборный трубопровод,,unavailable,commercial,Стальные трубы с БРС,Стальные трубы с БРС,intersection,material,SEPARATE_PAGE,M000,C033,high,core,трубы с БРС,/bystrotruby-site/materials/steel-pipes/,вариант/подинтент; частотность не получена
ПНД трубы с быстроразъемным соединением,,unavailable,commercial_research,ПНД трубы и быстрые соединения,,intersection,material,SEPARATE_PAGE,M000,C034,high,supporting,трубы с БРС,/bystrotruby-site/materials/hdpe-pipes/,главный запрос кластера
ПНД трубы с БРС,,unavailable,commercial_research,ПНД трубы и быстрые соединения,ПНД трубы и быстрые соединения,intersection,material,SEPARATE_PAGE,M000,C034,high,supporting,трубы с БРС,/bystrotruby-site/materials/hdpe-pipes/,вариант/подинтент; частотность не получена
быстросборный трубопровод ПНД,,unavailable,commercial_research,ПНД трубы и быстрые соединения,ПНД трубы и быстрые соединения,intersection,material,SEPARATE_PAGE,M000,C034,high,supporting,трубы с БРС,/bystrotruby-site/materials/hdpe-pipes/,вариант/подинтент; частотность не получена
разъемное соединение труб ПНД,,unavailable,commercial_research,ПНД трубы и быстрые соединения,ПНД трубы и быстрые соединения,intersection,material,SEPARATE_PAGE,M000,C034,high,supporting,трубы с БРС,/bystrotruby-site/materials/hdpe-pipes/,вариант/подинтент; частотность не получена
полиэтиленовые трубы для временного трубопровода,,unavailable,commercial_research,ПНД трубы и быстрые соединения,ПНД трубы и быстрые соединения,intersection,material,SEPARATE_PAGE,M000,C034,high,supporting,трубы с БРС,/bystrotruby-site/materials/hdpe-pipes/,вариант/подинтент; частотность не получена
плоскосворачиваемые рукава для воды,,unavailable,commercial,Гибкие и плоскосворачиваемые рукава,,material,material,SEPARATE_PAGE,M000,C035,medium,supporting,трубы с БРС,/bystrotruby-site/materials/rubber-hoses/,главный запрос кластера
гибкий трубопровод,,unavailable,commercial,Гибкие и плоскосворачиваемые рукава,Гибкие и плоскосворачиваемые рукава,material,material,SEPARATE_PAGE,M000,C035,medium,supporting,трубы с БРС,/bystrotruby-site/materials/rubber-hoses/,вариант/подинтент; частотность не получена
напорный плоскосворачиваемый рукав,,unavailable,commercial,Гибкие и плоскосворачиваемые рукава,Гибкие и плоскосворачиваемые рукава,material,material,SEPARATE_PAGE,M000,C035,medium,supporting,трубы с БРС,/bystrotruby-site/materials/rubber-hoses/,вариант/подинтент; частотность не получена
промышленный рукав для перекачки воды,,unavailable,commercial,Гибкие и плоскосворачиваемые рукава,Гибкие и плоскосворачиваемые рукава,material,material,SEPARATE_PAGE,M000,C035,medium,supporting,трубы с БРС,/bystrotruby-site/materials/rubber-hoses/,вариант/подинтент; частотность не получена
рукав для водоотлива,,unavailable,commercial,Гибкие и плоскосворачиваемые рукава,Гибкие и плоскосворачиваемые рукава,material,material,SEPARATE_PAGE,M000,C035,medium,supporting,трубы с БРС,/bystrotruby-site/materials/rubber-hoses/,вариант/подинтент; частотность не получена
мобильный трубопровод из рукавов,,unavailable,commercial,Гибкие и плоскосворачиваемые рукава,Гибкие и плоскосворачиваемые рукава,material,material,SEPARATE_PAGE,M000,C035,medium,supporting,трубы с БРС,/bystrotruby-site/materials/rubber-hoses/,вариант/подинтент; частотность не получена
комбинированный трубопровод,,unavailable,commercial_research,Комбинированные трубопроводы,,material,material,HUB,M000,C036,medium,core,трубы с БРС,/bystrotruby-site/materials/combined-pipelines/,главный запрос кластера
трубопровод сталь ПНД,,unavailable,commercial_research,Комбинированные трубопроводы,Комбинированные трубопроводы,material,material,HUB,M000,C036,medium,core,трубы с БРС,/bystrotruby-site/materials/combined-pipelines/,вариант/подинтент; частотность не получена
трубопровод сталь рукав,,unavailable,commercial_research,Комбинированные трубопроводы,Комбинированные трубопроводы,material,material,HUB,M000,C036,medium,core,трубы с БРС,/bystrotruby-site/materials/combined-pipelines/,вариант/подинтент; частотность не получена
трубопровод ПНД рукав,,unavailable,commercial_research,Комбинированные трубопроводы,Комбинированные трубопроводы,material,material,HUB,M000,C036,medium,core,трубы с БРС,/bystrotruby-site/materials/combined-pipelines/,вариант/подинтент; частотность не получена
комплект комбинированного трубопровода,,unavailable,commercial_research,Комбинированные трубопроводы,Комбинированные трубопроводы,material,material,HUB,M000,C036,medium,core,трубы с БРС,/bystrotruby-site/materials/combined-pipelines/,вариант/подинтент; частотность не получена
алюминиевые быстроразъемные трубы,,unavailable,commercial_research,"Нержавеющие, алюминиевые, композитные трубы",,material,material,REVIEW,M000,C037,low,traffic_only,трубы с БРС,/bystrotruby-site/materials/aluminum-pipes/,главный запрос кластера
нержавеющие трубы с БРС,,unavailable,commercial_research,"Нержавеющие, алюминиевые, композитные трубы","Нержавеющие, алюминиевые, композитные трубы",material,material,REVIEW,M000,C037,low,traffic_only,трубы с БРС,/bystrotruby-site/materials/aluminum-pipes/,вариант/подинтент; частотность не получена
композитные трубы для трубопровода,,unavailable,commercial_research,"Нержавеющие, алюминиевые, композитные трубы","Нержавеющие, алюминиевые, композитные трубы",material,material,REVIEW,M000,C037,low,traffic_only,трубы с БРС,/bystrotruby-site/materials/aluminum-pipes/,вариант/подинтент; частотность не получена
алюминиевый трубопровод для орошения,,unavailable,commercial_research,"Нержавеющие, алюминиевые, композитные трубы","Нержавеющие, алюминиевые, композитные трубы",material,material,REVIEW,M000,C037,low,traffic_only,трубы с БРС,/bystrotruby-site/materials/aluminum-pipes/,вариант/подинтент; частотность не получена
быстроразъемные соединения для труб,,unavailable,commercial,Типы соединений,,connection,hub,HUB,,K000,high,core,БРС на шарнирном хомуте,/bystrotruby-site/catalog/quick-couplings/,главный запрос кластера
быстросъемные соединения труб,,unavailable,commercial,Типы соединений,Типы соединений,connection,hub,HUB,,K000,high,core,БРС на шарнирном хомуте,/bystrotruby-site/catalog/quick-couplings/,вариант/подинтент; частотность не получена
быстроразборное соединение труб,,unavailable,commercial,Типы соединений,Типы соединений,connection,hub,HUB,,K000,high,core,БРС на шарнирном хомуте,/bystrotruby-site/catalog/quick-couplings/,вариант/подинтент; частотность не получена
разъемное соединение труб без сварки,,unavailable,commercial,Типы соединений,Типы соединений,connection,hub,HUB,,K000,high,core,БРС на шарнирном хомуте,/bystrotruby-site/catalog/quick-couplings/,вариант/подинтент; частотность не получена
быстрое соединение труб,,unavailable,commercial,Типы соединений,Типы соединений,connection,hub,HUB,,K000,high,core,БРС на шарнирном хомуте,/bystrotruby-site/catalog/quick-couplings/,вариант/подинтент; частотность не получена
соединение Bauer,,unavailable,commercial,Bauer,,connection,connection_type,SEPARATE_PAGE,K000,C038,medium,supporting,БРС на шарнирном хомуте,/bystrotruby-site/catalog/quick-couplings/bauer/,главный запрос кластера
муфта Bauer,,unavailable,commercial,Bauer,Bauer,connection,connection_type,SEPARATE_PAGE,K000,C038,medium,supporting,БРС на шарнирном хомуте,/bystrotruby-site/catalog/quick-couplings/bauer/,вариант/подинтент; частотность не получена
трубы Bauer,,unavailable,commercial,Bauer,Bauer,connection,connection_type,SEPARATE_PAGE,K000,C038,medium,supporting,БРС на шарнирном хомуте,/bystrotruby-site/catalog/quick-couplings/bauer/,вариант/подинтент; частотность не получена
трубопровод Bauer,,unavailable,commercial,Bauer,Bauer,connection,connection_type,SEPARATE_PAGE,K000,C038,medium,supporting,БРС на шарнирном хомуте,/bystrotruby-site/catalog/quick-couplings/bauer/,вариант/подинтент; частотность не получена
Bauer для орошения,,unavailable,commercial,Bauer,Bauer,connection,connection_type,SEPARATE_PAGE,K000,C038,medium,supporting,БРС на шарнирном хомуте,/bystrotruby-site/catalog/quick-couplings/bauer/,вариант/подинтент; частотность не получена
Бауэр соединение труб,,unavailable,commercial,Bauer,Bauer,connection,connection_type,SEPARATE_PAGE,K000,C038,medium,supporting,БРС на шарнирном хомуте,/bystrotruby-site/catalog/quick-couplings/bauer/,вариант/подинтент; частотность не получена
соединение Camlock,,unavailable,commercial,Camlock,,connection,connection_type,SEPARATE_PAGE,K000,C039,medium,supporting,БРС на шарнирном хомуте,/bystrotruby-site/catalog/quick-couplings/camlock/,главный запрос кластера
камлок соединение,,unavailable,commercial,Camlock,Camlock,connection,connection_type,SEPARATE_PAGE,K000,C039,medium,supporting,БРС на шарнирном хомуте,/bystrotruby-site/catalog/quick-couplings/camlock/,вариант/подинтент; частотность не получена
муфта камлок для воды,,unavailable,commercial,Camlock,Camlock,connection,connection_type,SEPARATE_PAGE,K000,C039,medium,supporting,БРС на шарнирном хомуте,/bystrotruby-site/catalog/quick-couplings/camlock/,вариант/подинтент; частотность не получена
Camlock для труб,,unavailable,commercial,Camlock,Camlock,connection,connection_type,SEPARATE_PAGE,K000,C039,medium,supporting,БРС на шарнирном хомуте,/bystrotruby-site/catalog/quick-couplings/camlock/,вариант/подинтент; частотность не получена
Camlock для рукава,,unavailable,commercial,Camlock,Camlock,connection,connection_type,SEPARATE_PAGE,K000,C039,medium,supporting,БРС на шарнирном хомуте,/bystrotruby-site/catalog/quick-couplings/camlock/,вариант/подинтент; частотность не получена
кулачковое быстроразъемное соединение,,unavailable,commercial,Camlock,Camlock,connection,connection_type,SEPARATE_PAGE,K000,C039,medium,supporting,БРС на шарнирном хомуте,/bystrotruby-site/catalog/quick-couplings/camlock/,вариант/подинтент; частотность не получена
грувлочное соединение труб,,unavailable,commercial,Grooved / Victaulic,,connection,connection_type,SEPARATE_PAGE,K000,C040,medium,traffic_only,БРС на шарнирном хомуте,/bystrotruby-site/catalog/quick-couplings/grooved-couplings/,главный запрос кластера
грувлок соединение,,unavailable,commercial,Grooved / Victaulic,Grooved / Victaulic,connection,connection_type,SEPARATE_PAGE,K000,C040,medium,traffic_only,БРС на шарнирном хомуте,/bystrotruby-site/catalog/quick-couplings/grooved-couplings/,вариант/подинтент; частотность не получена
пазовое соединение труб,,unavailable,commercial,Grooved / Victaulic,Grooved / Victaulic,connection,connection_type,SEPARATE_PAGE,K000,C040,medium,traffic_only,БРС на шарнирном хомуте,/bystrotruby-site/catalog/quick-couplings/grooved-couplings/,вариант/подинтент; частотность не получена
муфта Victaulic,,unavailable,commercial,Grooved / Victaulic,Grooved / Victaulic,connection,connection_type,SEPARATE_PAGE,K000,C040,medium,traffic_only,БРС на шарнирном хомуте,/bystrotruby-site/catalog/quick-couplings/grooved-couplings/,вариант/подинтент; частотность не получена
соединение труб Victaulic,,unavailable,commercial,Grooved / Victaulic,Grooved / Victaulic,connection,connection_type,SEPARATE_PAGE,K000,C040,medium,traffic_only,БРС на шарнирном хомуте,/bystrotruby-site/catalog/quick-couplings/grooved-couplings/,вариант/подинтент; частотность не получена
бессварное соединение стальных труб,,unavailable,commercial,Grooved / Victaulic,Grooved / Victaulic,connection,connection_type,SEPARATE_PAGE,K000,C040,medium,traffic_only,БРС на шарнирном хомуте,/bystrotruby-site/catalog/quick-couplings/grooved-couplings/,вариант/подинтент; частотность не получена
бугельное соединение труб,,unavailable,commercial,Бугельные соединения,,connection,connection_type,REVIEW,K000,C041,low,supporting,БРС на шарнирном хомуте,/bystrotruby-site/catalog/quick-couplings/yoke-couplings/,главный запрос кластера
бугельная муфта,,unavailable,commercial,Бугельные соединения,Бугельные соединения,connection,connection_type,REVIEW,K000,C041,low,supporting,БРС на шарнирном хомуте,/bystrotruby-site/catalog/quick-couplings/yoke-couplings/,вариант/подинтент; частотность не получена
бугельное БРС,,unavailable,commercial,Бугельные соединения,Бугельные соединения,connection,connection_type,REVIEW,K000,C041,low,supporting,БРС на шарнирном хомуте,/bystrotruby-site/catalog/quick-couplings/yoke-couplings/,вариант/подинтент; частотность не получена
бугель для труб,,unavailable,commercial,Бугельные соединения,Бугельные соединения,connection,connection_type,REVIEW,K000,C041,low,supporting,БРС на шарнирном хомуте,/bystrotruby-site/catalog/quick-couplings/yoke-couplings/,вариант/подинтент; частотность не получена
способы соединения труб,,unavailable,informational,"Фланцевые, сварные и резьбовые соединения",,connection,article,ARTICLE,K000,C042,low,traffic_only,БРС на шарнирном хомуте,/bystrotruby-site/articles/pipe-connection-methods/,главный запрос кластера
фланцевое соединение труб,,unavailable,informational,"Фланцевые, сварные и резьбовые соединения","Фланцевые, сварные и резьбовые соединения",connection,article,ARTICLE,K000,C042,low,traffic_only,БРС на шарнирном хомуте,/bystrotruby-site/articles/pipe-connection-methods/,вариант/подинтент; частотность не получена
сварное соединение труб,,unavailable,informational,"Фланцевые, сварные и резьбовые соединения","Фланцевые, сварные и резьбовые соединения",connection,article,ARTICLE,K000,C042,low,traffic_only,БРС на шарнирном хомуте,/bystrotruby-site/articles/pipe-connection-methods/,вариант/подинтент; частотность не получена
резьбовое соединение труб,,unavailable,informational,"Фланцевые, сварные и резьбовые соединения","Фланцевые, сварные и резьбовые соединения",connection,article,ARTICLE,K000,C042,low,traffic_only,БРС на шарнирном хомуте,/bystrotruby-site/articles/pipe-connection-methods/,вариант/подинтент; частотность не получена
компрессионное соединение ПНД труб,,unavailable,informational,"Фланцевые, сварные и резьбовые соединения","Фланцевые, сварные и резьбовые соединения",connection,article,ARTICLE,K000,C042,low,traffic_only,БРС на шарнирном хомуте,/bystrotruby-site/articles/pipe-connection-methods/,вариант/подинтент; частотность не получена
электросварное соединение ПНД труб,,unavailable,informational,"Фланцевые, сварные и резьбовые соединения","Фланцевые, сварные и резьбовые соединения",connection,article,ARTICLE,K000,C042,low,traffic_only,БРС на шарнирном хомуте,/bystrotruby-site/articles/pipe-connection-methods/,вариант/подинтент; частотность не получена
трубы ПМТ,,unavailable,commercial_research,ПМТ и ПМТП,,connection,category,SEPARATE_PAGE,C006,C043,medium,traffic_only,БРС на шарнирном хомуте,/bystrotruby-site/constructions/field-pipelines/,главный запрос кластера
трубопровод ПМТ,,unavailable,commercial_research,ПМТ и ПМТП,ПМТ и ПМТП,connection,category,SEPARATE_PAGE,C006,C043,medium,traffic_only,БРС на шарнирном хомуте,/bystrotruby-site/constructions/field-pipelines/,вариант/подинтент; частотность не получена
ПМТ 100,,unavailable,commercial_research,ПМТ и ПМТП,ПМТ и ПМТП,connection,category,SEPARATE_PAGE,C006,C043,medium,traffic_only,БРС на шарнирном хомуте,/bystrotruby-site/constructions/field-pipelines/,вариант/подинтент; частотность не получена
ПМТ 150,,unavailable,commercial_research,ПМТ и ПМТП,ПМТ и ПМТП,connection,category,SEPARATE_PAGE,C006,C043,medium,traffic_only,БРС на шарнирном хомуте,/bystrotruby-site/constructions/field-pipelines/,вариант/подинтент; частотность не получена
трубы ПМТП,,unavailable,commercial_research,ПМТ и ПМТП,ПМТ и ПМТП,connection,category,SEPARATE_PAGE,C006,C043,medium,traffic_only,БРС на шарнирном хомуте,/bystrotruby-site/constructions/field-pipelines/,вариант/подинтент; частотность не получена
трубопровод ПМТП,,unavailable,commercial_research,ПМТ и ПМТП,ПМТ и ПМТП,connection,category,SEPARATE_PAGE,C006,C043,medium,traffic_only,БРС на шарнирном хомуте,/bystrotruby-site/constructions/field-pipelines/,вариант/подинтент; частотность не получена
ПМТП 150,,unavailable,commercial_research,ПМТ и ПМТП,ПМТ и ПМТП,connection,category,SEPARATE_PAGE,C006,C043,medium,traffic_only,БРС на шарнирном хомуте,/bystrotruby-site/constructions/field-pipelines/,вариант/подинтент; частотность не получена
полевой магистральный трубопровод,,unavailable,commercial_research,ПМТ и ПМТП,ПМТ и ПМТП,connection,category,SEPARATE_PAGE,C006,C043,medium,traffic_only,БРС на шарнирном хомуте,/bystrotruby-site/constructions/field-pipelines/,вариант/подинтент; частотность не получена
полевой магистральный трубопровод повышенной производительности,,unavailable,commercial_research,ПМТ и ПМТП,ПМТ и ПМТП,connection,category,SEPARATE_PAGE,C006,C043,medium,traffic_only,БРС на шарнирном хомуте,/bystrotruby-site/constructions/field-pipelines/,вариант/подинтент; частотность не получена
комплектующие для быстроразъемных трубопроводов,,unavailable,commercial,Комплектующие трубопровода,,product,category,HUB,,P000,high,core,трубы с БРС,/bystrotruby-site/catalog/,главный запрос кластера
фасонные части трубопровода,,unavailable,commercial,Фитинги и фасонные части,,product,category,HUB,P000,C044,high,core,трубы с БРС,/bystrotruby-site/catalog/fittings/,главный запрос кластера
фитинги для труб с БРС,,unavailable,commercial,Фитинги и фасонные части,Фитинги и фасонные части,product,category,HUB,P000,C044,high,core,трубы с БРС,/bystrotruby-site/catalog/fittings/,вариант/подинтент; частотность не получена
отвод БРС,,unavailable,commercial,Фитинги и фасонные части,Фитинги и фасонные части,product,category,HUB,P000,C044,high,core,трубы с БРС,/bystrotruby-site/catalog/fittings/,вариант/подинтент; частотность не получена
тройник БРС,,unavailable,commercial,Фитинги и фасонные части,Фитинги и фасонные части,product,category,HUB,P000,C044,high,core,трубы с БРС,/bystrotruby-site/catalog/fittings/,вариант/подинтент; частотность не получена
переход БРС,,unavailable,commercial,Фитинги и фасонные части,Фитинги и фасонные части,product,category,HUB,P000,C044,high,core,трубы с БРС,/bystrotruby-site/catalog/fittings/,вариант/подинтент; частотность не получена
заглушка БРС,,unavailable,commercial,Фитинги и фасонные части,Фитинги и фасонные части,product,category,HUB,P000,C044,high,core,трубы с БРС,/bystrotruby-site/catalog/fittings/,вариант/подинтент; частотность не получена
фланцевый адаптер БРС,,unavailable,commercial,Фитинги и фасонные части,Фитинги и фасонные части,product,category,HUB,P000,C044,high,core,трубы с БРС,/bystrotruby-site/catalog/fittings/,вариант/подинтент; частотность не получена
арматура для временного трубопровода,,unavailable,commercial,Запорная и обратная арматура,,product,category,HUB,P000,C045,medium,core,трубы с БРС,/bystrotruby-site/catalog/valves/,главный запрос кластера
задвижка для трубопровода БРС,,unavailable,commercial,Запорная и обратная арматура,Запорная и обратная арматура,product,category,HUB,P000,C045,medium,core,трубы с БРС,/bystrotruby-site/catalog/valves/,вариант/подинтент; частотность не получена
обратный клапан трубопровода,,unavailable,commercial,Запорная и обратная арматура,Запорная и обратная арматура,product,category,HUB,P000,C045,medium,core,трубы с БРС,/bystrotruby-site/catalog/valves/,вариант/подинтент; частотность не получена
запорная арматура БРС,,unavailable,commercial,Запорная и обратная арматура,Запорная и обратная арматура,product,category,HUB,P000,C045,medium,core,трубы с БРС,/bystrotruby-site/catalog/valves/,вариант/подинтент; частотность не получена
фланцевая задвижка для мобильного трубопровода,,unavailable,commercial,Запорная и обратная арматура,Запорная и обратная арматура,product,category,HUB,P000,C045,medium,core,трубы с БРС,/bystrotruby-site/catalog/valves/,вариант/подинтент; частотность не получена
ремонтное соединение труб,,unavailable,commercial,Ремонтные соединения и гибкие вставки,,product,category,SECTION,P000,C046,medium,supporting,трубы с БРС,/bystrotruby-site/catalog/fittings/#repair,главный запрос кластера
ремонтная муфта трубопровода,,unavailable,commercial,Ремонтные соединения и гибкие вставки,Ремонтные соединения и гибкие вставки,product,category,SECTION,P000,C046,medium,supporting,трубы с БРС,/bystrotruby-site/catalog/fittings/#repair,вариант/подинтент; частотность не получена
гибкая вставка трубопровода,,unavailable,commercial,Ремонтные соединения и гибкие вставки,Ремонтные соединения и гибкие вставки,product,category,SECTION,P000,C046,medium,supporting,трубы с БРС,/bystrotruby-site/catalog/fittings/#repair,вариант/подинтент; частотность не получена
компенсатор для временного трубопровода,,unavailable,commercial,Ремонтные соединения и гибкие вставки,Ремонтные соединения и гибкие вставки,product,category,SECTION,P000,C046,medium,supporting,трубы с БРС,/bystrotruby-site/catalog/fittings/#repair,вариант/подинтент; частотность не получена
соединительный элемент трубопровода,,unavailable,commercial,Ремонтные соединения и гибкие вставки,Ремонтные соединения и гибкие вставки,product,category,SECTION,P000,C046,medium,supporting,трубы с БРС,/bystrotruby-site/catalog/fittings/#repair,вариант/подинтент; частотность не получена
диаметр трубопровода Ду,,unavailable,commercial_research,Диаметры Ду/DN,,diameter,diameter,FILTER_ONLY,C003,D000,medium,core,трубы с БРС,/bystrotruby-site/catalog/pipes/,главный запрос кластера
труба БРС Ду50,,unavailable,commercial_research,Диаметры Ду/DN,Диаметры Ду/DN,diameter,diameter,FILTER_ONLY,C003,D000,medium,core,трубы с БРС,/bystrotruby-site/catalog/pipes/,вариант/подинтент; частотность не получена
труба БРС Ду80,,unavailable,commercial_research,Диаметры Ду/DN,Диаметры Ду/DN,diameter,diameter,FILTER_ONLY,C003,D000,medium,core,трубы с БРС,/bystrotruby-site/catalog/pipes/,вариант/подинтент; частотность не получена
труба БРС Ду100,,unavailable,commercial_research,Диаметры Ду/DN,Диаметры Ду/DN,diameter,diameter,FILTER_ONLY,C003,D000,medium,core,трубы с БРС,/bystrotruby-site/catalog/pipes/,вариант/подинтент; частотность не получена
труба БРС Ду150,,unavailable,commercial_research,Диаметры Ду/DN,Диаметры Ду/DN,diameter,diameter,FILTER_ONLY,C003,D000,medium,core,трубы с БРС,/bystrotruby-site/catalog/pipes/,вариант/подинтент; частотность не получена
труба БРС Ду200,,unavailable,commercial_research,Диаметры Ду/DN,Диаметры Ду/DN,diameter,diameter,FILTER_ONLY,C003,D000,medium,core,трубы с БРС,/bystrotruby-site/catalog/pipes/,вариант/подинтент; частотность не получена
труба БРС Ду250,,unavailable,commercial_research,Диаметры Ду/DN,Диаметры Ду/DN,diameter,diameter,FILTER_ONLY,C003,D000,medium,core,трубы с БРС,/bystrotruby-site/catalog/pipes/,вариант/подинтент; частотность не получена
труба БРС Ду300,,unavailable,commercial_research,Диаметры Ду/DN,Диаметры Ду/DN,diameter,diameter,FILTER_ONLY,C003,D000,medium,core,трубы с БРС,/bystrotruby-site/catalog/pipes/,вариант/подинтент; частотность не получена
труба БРС Ду400,,unavailable,commercial_research,Диаметры Ду/DN,Диаметры Ду/DN,diameter,diameter,FILTER_ONLY,C003,D000,medium,core,трубы с БРС,/bystrotruby-site/catalog/pipes/,вариант/подинтент; частотность не получена
труба БРС DN100,,unavailable,commercial_research,Диаметры Ду/DN,Диаметры Ду/DN,diameter,diameter,FILTER_ONLY,C003,D000,medium,core,трубы с БРС,/bystrotruby-site/catalog/pipes/,вариант/подинтент; частотность не получена
труба БРС 100 мм,,unavailable,commercial_research,Диаметры Ду/DN,Диаметры Ду/DN,diameter,diameter,FILTER_ONLY,C003,D000,medium,core,трубы с БРС,/bystrotruby-site/catalog/pipes/,вариант/подинтент; частотность не получена
рабочее давление трубопровода,,unavailable,commercial_research,Давление Ру/PN,,pressure,pressure,FILTER_ONLY,C003,R000,low,supporting,БРС отдельно,/bystrotruby-site/catalog/pipes/,главный запрос кластера
труба БРС Ру10,,unavailable,commercial_research,Давление Ру/PN,Давление Ру/PN,pressure,pressure,FILTER_ONLY,C003,R000,low,supporting,БРС отдельно,/bystrotruby-site/catalog/pipes/,вариант/подинтент; частотность не получена
труба БРС Ру16,,unavailable,commercial_research,Давление Ру/PN,Давление Ру/PN,pressure,pressure,FILTER_ONLY,C003,R000,low,supporting,БРС отдельно,/bystrotruby-site/catalog/pipes/,вариант/подинтент; частотность не получена
БРС PN16,,unavailable,commercial_research,Давление Ру/PN,Давление Ру/PN,pressure,pressure,FILTER_ONLY,C003,R000,low,supporting,БРС отдельно,/bystrotruby-site/catalog/pipes/,вариант/подинтент; частотность не получена
трубопровод 1.6 МПа,,unavailable,commercial_research,Давление Ру/PN,Давление Ру/PN,pressure,pressure,FILTER_ONLY,C003,R000,low,supporting,БРС отдельно,/bystrotruby-site/catalog/pipes/,вариант/подинтент; частотность не получена
БРС 25 бар,,unavailable,commercial_research,Давление Ру/PN,Давление Ру/PN,pressure,pressure,FILTER_ONLY,C003,R000,low,supporting,БРС отдельно,/bystrotruby-site/catalog/pipes/,вариант/подинтент; частотность не получена
высоконапорные трубы БРС,,unavailable,commercial_research,Давление Ру/PN,Давление Ру/PN,pressure,pressure,FILTER_ONLY,C003,R000,low,supporting,БРС отдельно,/bystrotruby-site/catalog/pipes/,вариант/подинтент; частотность не получена
трубопровод Ру40,,unavailable,commercial_research,Давление Ру/PN,Давление Ру/PN,pressure,pressure,FILTER_ONLY,C003,R000,low,supporting,БРС отдельно,/bystrotruby-site/catalog/pipes/,вариант/подинтент; частотность не получена
БРС 63 кгс см2,,unavailable,commercial_research,Давление Ру/PN,Давление Ру/PN,pressure,pressure,FILTER_ONLY,C003,R000,low,supporting,БРС отдельно,/bystrotruby-site/catalog/pipes/,вариант/подинтент; частотность не получена
трубопровод для перекачки сред,,unavailable,commercial_research,Рабочие среды,,medium,hub,HUB,,E000,medium,supporting,комплект трубопровода,/bystrotruby-site/solutions/,главный запрос кластера
трубопровод для перекачки воды,,unavailable,commercial_research,Вода и стоки,,medium,medium,SECTION,E000,C047,high,core,комплект трубопровода,/bystrotruby-site/solutions/water-supply/,главный запрос кластера
трубы для технической воды,,unavailable,commercial_research,Вода и стоки,Вода и стоки,medium,medium,SECTION,E000,C047,high,core,комплект трубопровода,/bystrotruby-site/solutions/water-supply/,вариант/подинтент; частотность не получена
трубопровод для грунтовой воды,,unavailable,commercial_research,Вода и стоки,Вода и стоки,medium,medium,SECTION,E000,C047,high,core,комплект трубопровода,/bystrotruby-site/solutions/water-supply/,вариант/подинтент; частотность не получена
трубопровод для сточных вод,,unavailable,commercial_research,Вода и стоки,Вода и стоки,medium,medium,SECTION,E000,C047,high,core,комплект трубопровода,/bystrotruby-site/solutions/water-supply/,вариант/подинтент; частотность не получена
перекачка стоков трубопровод,,unavailable,commercial_research,Вода и стоки,Вода и стоки,medium,medium,SECTION,E000,C047,high,core,комплект трубопровода,/bystrotruby-site/solutions/water-supply/,вариант/подинтент; частотность не получена
БРС для воды,,unavailable,commercial_research,Вода и стоки,Вода и стоки,medium,medium,SECTION,E000,C047,high,core,комплект трубопровода,/bystrotruby-site/solutions/water-supply/,вариант/подинтент; частотность не получена
трубопровод для абразивной смеси,,unavailable,commercial_research,Абразивные смеси,,medium,medium,SECTION,E000,C048,medium,core,комплект трубопровода,/bystrotruby-site/solutions/slurry-pumping/,главный запрос кластера
трубопровод для песчано водяной смеси,,unavailable,commercial_research,Абразивные смеси,Абразивные смеси,medium,medium,SECTION,E000,C048,medium,core,комплект трубопровода,/bystrotruby-site/solutions/slurry-pumping/,вариант/подинтент; частотность не получена
трубы для гидросмеси,,unavailable,commercial_research,Абразивные смеси,Абразивные смеси,medium,medium,SECTION,E000,C048,medium,core,комплект трубопровода,/bystrotruby-site/solutions/slurry-pumping/,вариант/подинтент; частотность не получена
износостойкий пульпопровод,,unavailable,commercial_research,Абразивные смеси,Абразивные смеси,medium,medium,SECTION,E000,C048,medium,core,комплект трубопровода,/bystrotruby-site/solutions/slurry-pumping/,вариант/подинтент; частотность не получена
перекачка абразивного шлама,,unavailable,commercial_research,Абразивные смеси,Абразивные смеси,medium,medium,SECTION,E000,C048,medium,core,комплект трубопровода,/bystrotruby-site/solutions/slurry-pumping/,вариант/подинтент; частотность не получена
трубопровод для технологических жидкостей,,unavailable,commercial_research,"Нефтепродукты, воздух и технологические жидкости",,medium,medium,REVIEW,E000,C049,low,traffic_only,комплект трубопровода,/bystrotruby-site/industries/oil-and-gas/,главный запрос кластера
трубопровод для нефтепродуктов,,unavailable,commercial_research,"Нефтепродукты, воздух и технологические жидкости","Нефтепродукты, воздух и технологические жидкости",medium,medium,REVIEW,E000,C049,low,traffic_only,комплект трубопровода,/bystrotruby-site/industries/oil-and-gas/,вариант/подинтент; частотность не получена
БРС для сжатого воздуха,,unavailable,commercial_research,"Нефтепродукты, воздух и технологические жидкости","Нефтепродукты, воздух и технологические жидкости",medium,medium,REVIEW,E000,C049,low,traffic_only,комплект трубопровода,/bystrotruby-site/industries/oil-and-gas/,вариант/подинтент; частотность не получена
трубопровод сжатого воздуха,,unavailable,commercial_research,"Нефтепродукты, воздух и технологические жидкости","Нефтепродукты, воздух и технологические жидкости",medium,medium,REVIEW,E000,C049,low,traffic_only,комплект трубопровода,/bystrotruby-site/industries/oil-and-gas/,вариант/подинтент; частотность не получена
перекачка технологических жидкостей,,unavailable,commercial_research,"Нефтепродукты, воздух и технологические жидкости","Нефтепродукты, воздух и технологические жидкости",medium,medium,REVIEW,E000,C049,low,traffic_only,комплект трубопровода,/bystrotruby-site/industries/oil-and-gas/,вариант/подинтент; частотность не получена
как выбрать БРС для труб,,unavailable,informational,Как выбрать быстроразъемное соединение,,informational,article,ARTICLE,K000,Q001,low,supporting,другое,/bystrotruby-site/articles/how-to-choose-quick-coupling/,главный запрос кластера
виды БРС для труб,,unavailable,informational,Как выбрать быстроразъемное соединение,Как выбрать быстроразъемное соединение,informational,article,ARTICLE,K000,Q001,low,supporting,другое,/bystrotruby-site/articles/how-to-choose-quick-coupling/,вариант/подинтент; частотность не получена
чем соединить трубы без сварки,,unavailable,informational,Как выбрать быстроразъемное соединение,Как выбрать быстроразъемное соединение,informational,article,ARTICLE,K000,Q001,low,supporting,другое,/bystrotruby-site/articles/how-to-choose-quick-coupling/,вариант/подинтент; частотность не получена
Bauer или Camlock,,unavailable,informational,Как выбрать быстроразъемное соединение,Как выбрать быстроразъемное соединение,informational,article,ARTICLE,K000,Q001,low,supporting,другое,/bystrotruby-site/articles/how-to-choose-quick-coupling/,вариант/подинтент; частотность не получена
БРС и грувлок отличие,,unavailable,informational,Как выбрать быстроразъемное соединение,Как выбрать быстроразъемное соединение,informational,article,ARTICLE,K000,Q001,low,supporting,другое,/bystrotruby-site/articles/how-to-choose-quick-coupling/,вариант/подинтент; частотность не получена
монтаж быстроразъемного трубопровода,,unavailable,informational,Монтаж и эксплуатация,,informational,article,ARTICLE,C001,Q002,low,supporting,другое,/bystrotruby-site/articles/quick-pipeline-installation/,главный запрос кластера
как собрать временный трубопровод,,unavailable,informational,Монтаж и эксплуатация,Монтаж и эксплуатация,informational,article,ARTICLE,C001,Q002,low,supporting,другое,/bystrotruby-site/articles/quick-pipeline-installation/,вариант/подинтент; частотность не получена
монтаж труб БРС,,unavailable,informational,Монтаж и эксплуатация,Монтаж и эксплуатация,informational,article,ARTICLE,C001,Q002,low,supporting,другое,/bystrotruby-site/articles/quick-pipeline-installation/,вариант/подинтент; частотность не получена
как соединить трубы шарнирным хомутом,,unavailable,informational,Монтаж и эксплуатация,Монтаж и эксплуатация,informational,article,ARTICLE,C001,Q002,low,supporting,другое,/bystrotruby-site/articles/quick-pipeline-installation/,вариант/подинтент; частотность не получена
обслуживание разборного трубопровода,,unavailable,informational,Монтаж и эксплуатация,Монтаж и эксплуатация,informational,article,ARTICLE,C001,Q002,low,supporting,другое,/bystrotruby-site/articles/quick-pipeline-installation/,вариант/подинтент; частотность не получена
как подобрать диаметр трубопровода,,unavailable,informational,Расчет и подбор,,informational,article,ARTICLE,C001,Q003,low,supporting,другое,/bystrotruby-site/articles/pipeline-sizing/,главный запрос кластера
расчет потерь давления трубопровода,,unavailable,informational,Расчет и подбор,Расчет и подбор,informational,article,ARTICLE,C001,Q003,low,supporting,другое,/bystrotruby-site/articles/pipeline-sizing/,вариант/подинтент; частотность не получена
подбор трубы по расходу воды,,unavailable,informational,Расчет и подбор,Расчет и подбор,informational,article,ARTICLE,C001,Q003,low,supporting,другое,/bystrotruby-site/articles/pipeline-sizing/,вариант/подинтент; частотность не получена
какое давление выдерживает БРС,,unavailable,informational,Расчет и подбор,Расчет и подбор,informational,article,ARTICLE,C001,Q003,low,supporting,другое,/bystrotruby-site/articles/pipeline-sizing/,вариант/подинтент; частотность не получена
подбор труб для насосной станции,,unavailable,informational,Расчет и подбор,Расчет и подбор,informational,article,ARTICLE,C001,Q003,low,supporting,другое,/bystrotruby-site/articles/pipeline-sizing/,вариант/подинтент; частотность не получена
быстроразъемные трубопроводы Москва,,unavailable,commercial,Геозапросы,,intersection,do_not_target,DO_NOT_TARGET,C001,Q004,low,supporting,трубы с БРС,,главный запрос кластера; geo — без отдельной региональной страницы
трубы БРС Санкт Петербург,,unavailable,commercial,Геозапросы,Геозапросы,intersection,do_not_target,DO_NOT_TARGET,C001,Q004,low,supporting,трубы с БРС,,вариант/подинтент; частотность не получена; geo — без отдельной региональной страницы
быстроразъемные трубы Екатеринбург,,unavailable,commercial,Геозапросы,Геозапросы,intersection,do_not_target,DO_NOT_TARGET,C001,Q004,low,supporting,трубы с БРС,,вариант/подинтент; частотность не получена; geo — без отдельной региональной страницы
трубопровод БРС Новосибирск,,unavailable,commercial,Геозапросы,Геозапросы,intersection,do_not_target,DO_NOT_TARGET,C001,Q004,low,supporting,трубы с БРС,,вариант/подинтент; частотность не получена; geo — без отдельной региональной страницы
трубы БРС Россия,,unavailable,commercial,Геозапросы,Геозапросы,intersection,do_not_target,DO_NOT_TARGET,C001,Q004,low,supporting,трубы с БРС,,вариант/подинтент; частотность не получена; geo — без отдельной региональной страницы
